connection node_2;
connection node_1;
CREATE TABLE t1 (f1 INTEGER PRIMARY KEY AUTO_INCREMENT, f2 CHAR(255) , KEY(f2)) ENGINE=InnoDB;
INSERT INTO t1 VALUES (1, 'a'), (2, 'b'), (4, 'd'), (5, 'f');
connection node_1;
XA START 't';
UPDATE t1 SET f2 = 'x' WHERE f1 < 3;
XA END 't';
XA PREPARE 't';
connection node_2;
DELETE FROM t1 WHERE f1 > 2;
connect node_1a, 127.0.0.1, root, , test, $NODE_MYPORT_1;
connection node_1a;
connection node_1;
XA COMMIT 't';
connection node_1;
START TRANSACTION;
INSERT INTO t1 VALUES (100, 'x');
connection node_2;
INSERT INTO t1 VALUES (100, 'y');
connection node_1;
COMMIT;
ERROR 40001: Deadlock found when trying to get lock; try restarting transaction
SELECT * FROM t1;
f1	f2
1	x
2	x
100	y
connection node_2;
SELECT * FROM t1;
f1	f2
1	x
2	x
100	y
DROP TABLE t1;
